{
    "accuracy": 0.7928043687761003,
    "precision": 0.782042940793754,
    "recall": 0.794973544973545,
    "auc": 0.8699661504549075
}